alpha,success_probability,number_modes,time_in_seconds,distance_to_homodyne_probability,bit_error_rate,squeezing
0.50625,0.8683266639709473,1,36.05396842956543,0.02397618731771578,0.13167333602905273,False
0.50625,0.8835073113441467,1,41.887993812561035,0.03915683469091524,0.11649268865585327,True
