alpha,success_probability,number_modes,time_in_seconds,distance_to_homodyne_probability,bit_error_rate,squeezing
0.18125,0.6521165370941162,1,55.6348774433136,0.010605748859024322,0.3478834629058838,False
0.18125,0.6644341945648193,1,67.55104112625122,0.022923406329727447,0.33556580543518066,True
0.18125,0.4252558946609497,2,1146.4285669326782,0.013719803238940786,0.28737205266952515,False
0.18125,0.4252558946609497,2,1061.2743382453918,0.013719803238940786,0.28737205266952515,False
0.18125,0.6041316390037537,2,1227.315910100937,0.19259554758174474,0.19793418049812317,True
0.18125,0.2773163914680481,3,22724.113483905792,0.013311549072726303,0.2408945361773173,False
