alpha,success_probability,number_modes,time_in_seconds,distance_to_homodyne_probability,bit_error_rate,squeezing
0.42499999999999993,0.8238831758499146,1,19.96371603012085,0.02154571897260693,0.17611682415008545,False
0.42499999999999993,0.8344669342041016,1,25.73529887199402,0.03212947732679394,0.16553306579589844,True
