alpha,success_probability,number_modes,time_in_seconds,distance_to_homodyne_probability,bit_error_rate,squeezing
0.6687499999999998,0.9342700242996216,1,36.829819440841675,0.024799765437797827,0.06572997570037842,False
0.6687499999999998,0.9434593915939331,1,42.09306502342224,0.03398913273210935,0.056540608406066895,True
