alpha,success_probability,number_modes,time_in_seconds,distance_to_homodyne_probability,bit_error_rate
1.7999999999999998,0.9997059106826782,1,6.637170314788818,-0.0001349807271642245,0.00029408931732177734
