alpha,success_probability,number_modes,time_in_seconds,distance_to_homodyne_probability,bit_error_rate,squeezing
1.15625,0.9976778030395508,1,30.468332052230835,0.008052875697608819,0.0023221969604492188,False
1.15625,0.9978102445602417,1,36.010538816452026,0.008185317218299737,0.0021897554397583008,True
