alpha,success_probability,number_modes,time_in_seconds,distance_to_homodyne_probability,bit_error_rate
1.6749999999999998,0.9997894167900085,1,7.302426099777222,0.00019347459187257776,0.00021058320999145508
