alpha,success_probability,number_modes,time_in_seconds,distance_to_homodyne_probability,bit_error_rate
0.9249999999999999,0.9863202571868896,1,12.057058095932007,0.01847703198250339,0.013679742813110352
0.9249999999999999,0.9615583419799805,3,12800.950210571289,0.05495974384659996,0.012813886006673178
