alpha,success_probability,number_modes,time_in_seconds,distance_to_homodyne_probability,bit_error_rate,squeezing
0.5874999999999999,0.904997706413269,1,36.107255935668945,0.0249950643122816,0.09500229358673096,False
0.5874999999999999,0.9173716306686401,1,42.14037322998047,0.037368988567652694,0.08262836933135986,True
