alpha,success_probability,number_modes,time_in_seconds,distance_to_homodyne_probability,bit_error_rate
0.42499999999999993,0.8388117551803589,1,8.136481523513794,0.03647429830305127,0.1611882448196411
