alpha,success_probability,number_modes,time_in_seconds,distance_to_homodyne_probability,bit_error_rate,squeezing
0.9937499999999998,0.9910231828689575,1,30.621951580047607,0.014456690821775697,0.00897681713104248,False
0.9937499999999998,0.9919583201408386,1,35.70713186264038,0.0153918280936568,0.008041679859161377,True
