alpha,success_probability,number_modes,time_in_seconds,distance_to_homodyne_probability,bit_error_rate
0.175,0.6587071418762207,1,11.49544358253479,0.021876490700601603,0.3412928581237793
0.175,0.28628480434417725,3,31117.453320264816,0.028016046052779187,0.23790506521860758
