alpha,success_probability,number_modes,time_in_seconds,distance_to_homodyne_probability,bit_error_rate,squeezing
1.075,0.9952926635742188,1,30.7870352268219,0.011070270965309215,0.00470733642578125,False
1.075,0.9956722259521484,1,35.912452936172485,0.011449833343238902,0.0043277740478515625,True
