alpha,success_probability,number_modes,time_in_seconds,distance_to_homodyne_probability,bit_error_rate,squeezing
1.2374999999999998,0.9989176988601685,1,30.627246379852295,0.0055795076521512055,0.001082301139831543,False
1.2374999999999998,0.9989564418792725,1,26.449294090270996,0.005618250671255209,0.001043558120727539,True
