alpha,success_probability,number_modes,time_in_seconds,distance_to_homodyne_probability,bit_error_rate,squeezing
0.18125,0.6521165370941162,1,55.6348774433136,0.010605748859024322,0.3478834629058838,False
0.18125,0.6644341945648193,1,67.55104112625122,0.022923406329727447,0.33556580543518066,True
