alpha,success_probability,number_modes,time_in_seconds,distance_to_homodyne_probability,bit_error_rate,squeezing
0.8312499999999999,0.9728113412857056,1,34.15482711791992,0.02101762296321108,0.027188658714294434,False
0.8312499999999999,0.9765405654907227,1,38.87837600708008,0.02474684716822817,0.023459434509277344,True
