alpha,success_probability,number_modes,time_in_seconds,distance_to_homodyne_probability,bit_error_rate
1.2999999999999998,0.9988125562667847,1,8.147900342941284,0.0034737442905034,0.001187443733215332
