alpha,success_probability,number_modes,time_in_seconds,distance_to_homodyne_probability,bit_error_rate,squeezing
0.5874999999999999,0.904997706413269,1,36.107255935668945,0.0249950643122816,0.09500229358673096,False
0.5874999999999999,0.9173716306686401,1,42.14037322998047,0.037368988567652694,0.08262836933135986,True
0.5874999999999999,0.8190209269523621,2,719.1028697490692,0.044616276847643466,0.09048953652381897,False
0.5874999999999999,0.8190208673477173,2,463.9686589241028,0.04461621724299869,0.09048956632614136,False
0.5874999999999999,0.8415694832801819,2,1020.0860369205475,0.06716483317546329,0.07921525835990906,True
0.5874999999999999,0.7412121295928955,3,11161.037412166595,0.05973399144545244,0.08626262346903484,False
