alpha,success_probability,number_modes,time_in_seconds,distance_to_homodyne_probability,bit_error_rate,squeezing
0.9124999999999999,0.9839016199111938,1,34.69722843170166,0.017902134581016305,0.016098380088806152,False
0.9124999999999999,0.9858973026275635,1,39.58352470397949,0.019897817297385934,0.014102697372436523,True
