alpha,success_probability,number_modes,time_in_seconds,distance_to_homodyne_probability,bit_error_rate,squeezing
0.34375,0.7727635502815247,1,19.960847854614258,0.01864740066178605,0.22723644971847534,False
0.34375,0.7845057249069214,1,25.679362297058105,0.03038957528718278,0.2154942750930786,True
