alpha,success_probability,number_modes,time_in_seconds,distance_to_homodyne_probability,bit_error_rate
1.9249999999999998,0.9996107816696167,1,6.340731620788574,-0.00033015941796432635,0.0003892183303833008
