alpha,success_probability,number_modes,time_in_seconds,distance_to_homodyne_probability,bit_error_rate
1.5499999999999998,0.999729573726654,1,8.115508556365967,0.0006971769398724792,0.00027042627334594727
