alpha,success_probability,number_modes,time_in_seconds,distance_to_homodyne_probability,bit_error_rate
1.4249999999999998,0.9991577863693237,1,8.123908519744873,0.0013437478242369627,0.0008422136306762695
