alpha,success_probability,number_modes,time_in_seconds,distance_to_homodyne_probability,bit_error_rate
0.05,0.5464762449264526,1,10.157601118087769,0.006648407649423649,0.45352375507354736
