alpha,success_probability,number_modes,time_in_seconds,distance_to_homodyne_probability,bit_error_rate,squeezing
1.3187499999999999,0.9995057582855225,1,31.570120334625244,0.0036817395628870875,0.0004942417144775391,False
1.3187499999999999,0.9995157122612,1,37.774389028549194,0.0036916935385645777,0.00048428773880004883,True
1.3187499999999999,0.9990119338035583,2,832.2475783824921,0.007346457538658702,0.0004940330982208252,False
1.3187499999999999,0.9990119338035583,2,854.9424052238464,0.007346457538658702,0.0004940330982208252,False
1.3187499999999999,0.999019980430603,2,1464.232558965683,0.007354504165703379,0.0004900097846984863,True
