alpha,success_probability,number_modes,time_in_seconds,distance_to_homodyne_probability,bit_error_rate,squeezing
0.26249999999999996,0.7151109576225281,1,19.52267050743103,0.014902553091223902,0.2848890423774719,False
0.26249999999999996,0.7264831066131592,1,26.067658185958862,0.026274702081855006,0.2735168933868408,True
