alpha,success_probability,number_modes,time_in_seconds,distance_to_homodyne_probability,bit_error_rate,squeezing
0.1,0.5852072238922119,1,36.85985851287842,0.005947514453108926,0.4147927761077881,False
0.1,0.5925576686859131,1,66.69268608093262,0.013297959246810098,0.4074423313140869,True
