alpha,success_probability,number_modes,time_in_seconds,distance_to_homodyne_probability,bit_error_rate,squeezing
1.2374999999999998,0.9989176988601685,1,30.627246379852295,0.0055795076521512055,0.001082301139831543,False
1.2374999999999998,0.9989564418792725,1,26.449294090270996,0.005618250671255209,0.001043558120727539,True
1.2374999999999998,0.9978359937667847,2,627.7314007282257,0.011115231654369229,0.001082003116607666,False
1.2374999999999998,0.9978312849998474,2,460.270574092865,0.011110522887431973,0.001084357500076294,False
1.2374999999999998,0.9977998733520508,2,982.9897077083588,0.011079111239635342,0.0011000633239746094,True
1.2374999999999998,0.9967553615570068,3,21988.343645095825,0.016607944492863846,0.001081546147664388,False
1.2374999999999998,0.9968589544296265,3,14860.280413389206,0.016711537365483475,0.0010470151901245117,True
1.2374999999999998,0.9958015084266663,4,358424.3223798275,0.022183646042960303,0.001049622893333435,True
