alpha,success_probability,number_modes,time_in_seconds,distance_to_homodyne_probability,bit_error_rate,squeezing
1.3187499999999999,0.9995057582855225,1,31.570120334625244,0.0036817395628870875,0.0004942417144775391,False
1.3187499999999999,0.9995157122612,1,37.774389028549194,0.0036916935385645777,0.00048428773880004883,True
