alpha,success_probability,number_modes,time_in_seconds,distance_to_homodyne_probability,bit_error_rate
1.1749999999999998,0.9973465204238892,1,8.155049562454224,0.006733225958727718,0.00265347957611084
