alpha,success_probability,number_modes,time_in_seconds,distance_to_helstrom_probability,bit_error_rate,squeezing,number_ancillas,helstrom_probability,homodyne_probability,best_success_probability,best_helstrom_probability,best_homodyne_probability,best_codebook,best_measurements
0.26249999999999996,0.9265847951173782,3,87.65280795097351,0.35887139356110254,0.02447173496087392,False,0,0.5677134015562757,0.506024617490516,0.9984047412872314,0.4141751435904461,0.34330644587821085,"[[0, 0, 0], [1, 1, 1]]","[[0, 0, 0], [1, 1, 1]]"
0.26249999999999996,0.9228047281503677,3,105.99841260910034,0.35509132659409204,0.025731757283210754,True,0,0.5677134015562757,0.506024617490516,0.9967558979988098,0.4141751435904461,0.34330644587821085,"[[0, 0, 0], [1, 1, 1]]","[[0, 0, 0], [1, 1, 1]]"
0.26249999999999996,0.9588085636496544,4,270.6427733898163,0.46336250143823254,0.010297859087586403,False,0,0.49544606221142184,0.4301736537785569,0.9975775480270386,0.3087299116547426,0.24038605873369456,"[[0, 0, 0, 0], [1, 1, 1, 1]]","[[0, 0, 0, 0], [1, 1, 1, 1]]"
0.26249999999999996,0.9739154912531376,5,670.3221023082733,0.5415374640867809,0.005216901749372482,False,0,0.4323780271663566,0.36569243078112085,0.9992095232009888,0.3087299116547426,0.24038605873369456,"[[0, 0, 0, 0, 0], [1, 1, 1, 0, 1]]","[[0, 0, 0, 0, 0], [1, 1, 1, 0, 1]]"
0.26249999999999996,0.9777117483317852,5,767.4173069000244,0.5453337211654286,0.004457650333642959,True,0,0.4323780271663566,0.36569243078112085,0.9999908208847046,0.4141751435904461,0.34330644587821085,"[[0, 0, 0, 0, 0], [1, 1, 0, 0, 1]]","[[0, 0, 0, 0, 0], [1, 1, 0, 0, 1]]"
0.26249999999999996,0.9344784766435623,4,309.0221357345581,0.43903241443214047,0.01638038083910942,True,0,0.49544606221142184,0.4301736537785569,0.9983786344528198,0.4141751435904461,0.34330644587821085,"[[0, 0, 0, 0], [1, 0, 1, 1]]","[[0, 0, 0, 0], [1, 0, 1, 1]]"
