alpha,success_probability,mutual_information,number_modes,time_in_seconds,distance_to_helstrom_probability,bit_error_rate,squeezing,number_ancillas,helstrom_probability,homodyne_probability,best_success_probability,best_helstrom_probability,best_homodyne_probability,best_codebook,best_measurements,best_optimized_parameters
0.50625,0.4137837886810303,0.4137837886810303,2,8.120018005371094,-0.44176708940687404,0.29310810565948486,False,0,0.8555508780879043,0.7786391020388854,0.5019646883010864,0.8107083271081739,0.7129277274245392,"[[0, 0], [1, 1]]","[{'input_codeword': [0, 0], 'guessed_codeword': None, 'output_codeword': [0, 0], 'psucc': 0, 'mutual_information': 0.5019646883010864}, {'input_codeword': [1, 1], 'guessed_codeword': None, 'output_codeword': [1, 1], 'psucc': 0, 'mutual_information': 0.5019646883010864}]","{'theta_1_0': -0.7851489186286926, 'phi_1_0': -0.0031095934100449085, 'varphi_1_0': -0.001856246148236096, 'varphi_1_1': -0.6109698414802551, 'a_0': 0.7845239043235779, 'a_1': 1.0076406002044678}"
0.50625,0.801295280456543,0.801295280456543,3,29.981257677078247,0.05115086071553865,0.06623490651448567,False,0,0.7501444197410043,0.6297025817087959,0.8952655792236328,0.7299564506186144,0.6019608664702147,"[[0, 0, 0], [0, 1, 1], [1, 0, 1], [1, 1, 0]]","[{'input_codeword': [0, 0, 0], 'guessed_codeword': None, 'output_codeword': [0, 0, 0], 'psucc': 0, 'mutual_information': 0.8952655792236328}, {'input_codeword': [0, 1, 1], 'guessed_codeword': None, 'output_codeword': [0, 1, 1], 'psucc': 0, 'mutual_information': 0.8952655792236328}, {'input_codeword': [1, 0, 1], 'guessed_codeword': None, 'output_codeword': [1, 0, 1], 'psucc': 0, 'mutual_information': 0.8952655792236328}, {'input_codeword': [1, 1, 0], 'guessed_codeword': None, 'output_codeword': [1, 1, 0], 'psucc': 0, 'mutual_information': 0.8952655792236328}]","{'theta_1_0': -0.0836864560842514, 'theta_1_1': 0.002677598036825657, 'theta_1_2': -0.08312418311834335, 'phi_1_0': 2.5390090942382812, 'phi_1_1': -0.4178520441055298, 'phi_1_2': -0.6095914840698242, 'varphi_1_0': -0.0005317713948898017, 'varphi_1_1': 0.00026031091692857444, 'varphi_1_2': 1.6984187823254615e-05, 'a_0': 0.6130976676940918, 'a_1': 0.6141307950019836, 'a_2': 0.6122933030128479}"
