alpha,success_probability,number_modes,time_in_seconds,distance_to_helstrom_probability,bit_error_rate,squeezing,number_ancillas,helstrom_probability,homodyne_probability,best_success_probability,best_helstrom_probability,best_homodyne_probability,best_codebook,best_measurements,best_optimized_parameters
0.7499999999999999,0.9558320641517639,2,3.67691707611084,-0.003909720852693255,0.022083967924118042,False,0,0.9597417850044572,0.9020207991674017,0.9868382215499878,0.9465668819342241,0.8708487996036616,"[[0, 0], [1, 1]]","[[0, 0], [1, 1]]","[-0.17229547, -0.21184072, -0.20535909, -0.070784725, -0.15741608, -0.21665771, -0.19882736, -0.22681928, -0.7678985, -0.7694727]"
0.7499999999999999,0.9558320641517639,2,3.7095530033111572,-0.003909720852693255,0.022083967924118042,False,0,0.9597417850044572,0.9020207991674017,0.9868382215499878,0.9465668819342241,0.8708487996036616,"[[0, 0], [1, 1]]","[[0, 0], [1, 1]]","[-0.1722954660654068, -0.21184071898460388, -0.20535908639431, -0.07078472524881363, -0.15741607546806335, -0.21665771305561066, -0.1988273561000824, -0.22681927680969238, -0.7678984999656677, -0.7694727182388306]"
