alpha,success_probability,number_modes,time_in_seconds,distance_to_helstrom_probability,bit_error_rate,squeezing,number_ancillas,helstrom_probability,homodyne_probability,best_success_probability,best_helstrom_probability,best_homodyne_probability,best_codebook,best_measurements
0.34375,0.9363020062446594,3,88.33674669265747,0.27775218685207526,0.021232664585113525,False,0,0.6585498193925842,0.580089419280898,0.9991912245750427,0.5252872127411204,0.4288591932692536,"[[0, 0, 0], [1, 1, 1]]","[[0, 0, 0], [1, 1, 1]]"
0.34375,0.9425259530544281,3,106.1818335056305,0.28397613366184393,0.019158015648523968,True,0,0.6585498193925842,0.580089419280898,0.9966427087783813,0.651025329196436,0.5686911671173,"[[0, 0, 0], [1, 1, 0]]","[[0, 0, 0], [1, 1, 0]]"
0.34375,0.9687400162220001,4,269.5525891780853,0.37378588978395744,0.00781499594449997,False,0,0.5949541264380427,0.5087721092920795,0.9997397661209106,0.4238339792553278,0.32340964355723684,"[[0, 0, 0, 0], [1, 1, 1, 1]]","[[0, 0, 0, 0], [1, 1, 1, 1]]"
0.34375,0.9014465920627117,5,3643.8480384349823,0.49433002550189975,0.019710681587457656,False,0,0.40711656656081197,0.30852300049400677,0.9984923601150513,0.34197528059746624,0.24388843514927552,"[[0, 0, 0, 0, 0], [0, 1, 1, 0, 1], [1, 0, 1, 1, 1], [1, 1, 0, 1, 0]]","[[0, 0, 0, 0, 0], [0, 1, 1, 0, 1], [1, 0, 1, 1, 1], [1, 1, 0, 1, 0]]"
0.34375,0.9093345627188683,5,4207.671741247177,0.5022179961580563,0.018133087456226347,True,0,0.40711656656081197,0.30852300049400677,0.9985784292221069,0.4238339792553278,0.32340964355723684,"[[0, 0, 0, 0, 0], [0, 1, 0, 1, 0], [1, 0, 0, 1, 1], [1, 1, 0, 0, 1]]","[[0, 0, 0, 0, 0], [0, 1, 0, 1, 0], [1, 0, 0, 1, 1], [1, 1, 0, 0, 1]]"
0.34375,0.9691338762640953,4,308.53162240982056,0.3741797498260526,0.007716530933976173,True,0,0.5949541264380427,0.5087721092920795,0.999222993850708,0.5252872127411204,0.4288591932692536,"[[0, 0, 0, 0], [1, 0, 1, 1]]","[[0, 0, 0, 0], [1, 0, 1, 1]]"
