alpha,success_probability,number_modes,time_in_seconds,distance_to_helstrom_probability,bit_error_rate,squeezing,number_ancillas,helstrom_probability,homodyne_probability,best_success_probability,best_helstrom_probability,best_homodyne_probability,best_codebook,best_measurements
0.18125,0.9690410457551479,5,671.3129522800446,0.6363751031562688,0.006191790848970413,False,0,0.3326659425988792,0.291111221713908,0.9981956481933594,0.20815505236542708,0.16936195454290406,"[[0, 0, 0, 0, 0], [1, 1, 1, 0, 1]]","[[0, 0, 0, 0, 0], [1, 1, 1, 0, 1]]"
0.18125,0.9670254476368427,5,768.6680014133453,0.6343595050379636,0.006594910472631455,True,0,0.3326659425988792,0.291111221713908,0.9999207258224487,0.14059947393954028,0.1086475209558542,"[[0, 0, 0, 0, 0], [1, 1, 1, 1, 1]]","[[0, 0, 0, 0, 0], [1, 1, 1, 1, 1]]"